#Inserção dos dados

INSERT INTO fornecedores (id_fornecedor, nome, id_contato)
VALUES
  (1, 'Distribuidora Alimentos S.A.', 1),
  (2, 'Comércio de Produtos Frescos Ltda.', 2),
  (3, 'Atacado de Bebidas Baratas Ltda.', 3),
  (4, 'Indústria de Produtos de Limpeza Eficiente Ltda.', 4),
  (5, 'Importadora de Produtos Gourmet Ltda.', 5),
  (6, 'Fábrica de Utensílios Domésticos Modernos Ltda.', 6),
  (7, 'Distribuidora de Frutas Tropicais S.A.', 7),
  (8, 'Comércio de Carnes Nobres Ltda.', 8),
  (9, 'Indústria de Produtos de Higiene Pessoal Ltda.', 9),
  (10, 'Atacado de Produtos Orgânicos Ltda.', 10),
  (11, 'Fábrica de Produtos Congelados S.A.', 11),
  (12, 'Distribuidora de Bebidas Finas Ltda.', 12),
  (13, 'Comércio de Produtos Naturais Ltda.', 13),
  (14, 'Indústria de Produtos de Padaria Artesanal Ltda.', 14),
  (15, 'Atacado de Hortifrúti Premium Ltda.', 15),
  (16, 'Fábrica de Doces Deliciosos S.A.', 16),
  (17, 'Distribuidora de Produtos de Limpeza Ecológicos Ltda.', 17),
  (18, 'Comércio de Frutos do Mar Frescos Ltda.', 18),
  (19, 'Indústria de Produtos de Mercearia Fina Ltda.', 19),
  (20, 'Atacado de Produtos de Confeitaria Ltda.', 20);

INSERT INTO contato (id_contato, telefone, endereco, email)
VALUES
  (1, '11 1234-5678', 'Rua A, 123', 'contato@empresa1.com'),
  (2, '21 9876-5432', 'Av. B, 456', 'contato@empresa2.com'),
  (3, '31 8765-4321', 'Praça C, 789', 'contato@empresa3.com'),
  (4, '41 5678-1234', 'Alameda D, 101', 'contato@empresa4.com'),
  (5, '51 4321-8765', 'Estrada E, 202', 'contato@empresa5.com'),
  (6, '61 3456-7890', 'Travessa F, 303', 'contato@empresa6.com'),
  (7, '71 2345-6789', 'Rodovia G, 404', 'contato@empresa7.com'),
  (8, '81 1234-5678', 'Avenida H, 505', 'contato@empresa8.com'),
  (9, '91 9876-5432', 'Viela I, 606', 'contato@empresa9.com'),
  (10, '01 8765-4321', 'Beco J, 707', 'contato@empresa10.com'),
  (11, '11 5678-1234', 'Calçada K, 808', 'contato@empresa11.com'),
  (12, '21 4321-8765', 'Largo L, 909', 'contato@empresa12.com'),
  (13, '31 3456-7890', 'Rua M, 1010', 'contato@empresa13.com'),
  (14, '41 2345-6789', 'Av. N, 1111', 'contato@empresa14.com'),
  (15, '51 1234-5678', 'Praça O, 1212', 'contato@empresa15.com'),
  (16, '61 9876-5432', 'Alameda P, 1313', 'contato@empresa16.com'),
  (17, '71 8765-4321', 'Estrada Q, 1414', 'contato@empresa17.com'),
  (18, '81 5678-1234', 'Travessa R, 1515', 'contato@empresa18.com'),
  (19, '91 4321-8765', 'Rodovia S, 1616', 'contato@empresa19.com'),
  (20, '01 3456-7890', 'Avenida T, 1717', 'contato@empresa20.com');

INSERT INTO despesas (alugueis, veiculos, equipamentos, id_despesas)
VALUES
  (120.50, 'Fiat Fiorino', 'Freezer Vertical', 01),
  (100.75, 'Renault Master', 'Forno Industrial', 02),
  (800.20, 'Volkswagen Saveiro', 'Liquidificador Industrial', 03),
  (150.00, 'Iveco Daily', 'Geladeira Comercial', 04),
  (110.25, 'Mercedes-Benz Sprinter', 'Máquina de Café', 05),
  (900.40, 'Fiat Ducato', 'Batedeira Industrial', 06),
  (130.60, 'Ford Transit', 'Câmara Frigorífica', 07),
  (950.80, 'Chevrolet Montana', 'Chapa para Lanches', 08),
  (850.30, 'Hyundai H100', 'Fogão a Gás', 09),
  (120.75, 'Peugeot Boxer', 'Fritadeira Elétrica', 010),
  (110.20, 'Toyota Hilux', 'Liquidificador Profissional', 011),
  (800.90, 'Nissan NV200', 'Máquina de Sorvete', 012),
  (140.50, 'Citroën Jumper', 'Forno a Gás', 013),
  (950.25, 'Fiat Strada', 'Expositor de Bebidas', 014),
  (900.70, 'Mercedes-Benz Vito', 'Processador de Alimentos', 015),
  (130.40, 'Ford Furgão', 'Fogão Elétrico', 016),
  (100.60, 'Volkswagen Delivery', 'Cilindro de Massas', 017),
  (850.20, 'Iveco Tector', 'Serra Fita Industrial', 018),
  (110.80, 'Hyundai HR', 'Churrasqueira a Gás', 019),
  (120.30, 'Chevrolet Express', 'Balança Digital', 020); 

INSERT INTO custos (id_custos, agua, energia, perdas)
VALUES
  (1, 450.50, 280.25, 40.75),
  (2, 400.75, 250.30, 35.20),
  (3, 350.20, 220.40, 30.10),
  (4, 500.00, 300.75, 45.20),
  (5, 420.25, 260.50, 38.70),
  (6, 380.40, 240.20, 32.50),
  (7, 470.60, 290.80, 42.30),
  (8, 390.80, 230.30, 37.20),
  (9, 360.30, 210.75, 34.60),
  (10, 420.75, 260.20, 39.80),
  (11, 410.20, 250.90, 36.40),
  (12, 370.90, 230.40, 31.80),
  (13, 480.50, 300.25, 44.10),
  (14, 400.25, 240.50, 37.60),
  (15, 370.70, 220.70, 32.90),
  (16, 450.40, 280.60, 41.50),
  (17, 420.60, 250.20, 38.20),
  (18, 380.20, 220.80, 33.40),
  (19, 440.80, 270.30, 40.80),
  (20, 460.30, 290.50, 43.60);
  
 INSERT INTO gerencia (id_gerente, nome_gerente, regional, id_ativos)
VALUES
  (1, 'Ana Silva', 'São Paulo', 1),
  (2, 'Carlos Oliveira', 'Rio de Janeiro', 2),
  (3, 'Mariana Santos', 'Belo Horizonte', 3),
  (4, 'Ricardo Pereira', 'Curitiba', 4),
  (5, 'Isabela Lima', 'Porto Alegre', 5),
  (6, 'Thiago Costa', 'Brasília', 6),
  (7, 'Camila Almeida', 'Salvador', 7),
  (8, 'Felipe Martins', 'Recife', 8),
  (9, 'Luciana Oliveira', 'Belém', 9),
  (10, 'Pedro Rocha', 'Manaus', 10),
  (11, 'Natália Santos', 'Fortaleza', 11),
  (12, 'Gabriel Lima', 'Goiania', 12),
  (13, 'Amanda Costa', 'João Pessoa', 13),
  (14, 'Daniel Pereira', 'São Luís', 14),
  (15, 'Carolina Oliveira', 'Porto Velho', 15),
  (16, 'Lucas Silva', 'Aracaju', 16),
  (17, 'Patrícia Rocha', 'Teresina', 17),
  (18, 'Roberto Almeida', 'Florianópolis', 18),
  (19, 'Juliana Santos', 'Campo Grande', 19),
  (20, 'Bruno Lima', 'Cuiabá', 20); 

ALTER TABLE funcionarios MODIFY COLUMN salario decimal(8,2);
INSERT INTO funcionarios (id_funcionarios, nome_funcionario, funcao, salario, data_admissao)
VALUES
  (1, 'João Silva', 'Caixa', 2500.00, '2022-01-10'),
  (2, 'Maria Oliveira', 'Vendedor', 3000.50, '2022-02-15'),
  (3, 'Carlos Pereira', 'Açougueiro', 2800.75, '2022-03-20'),
  (4, 'Ana Souza', 'Padeira', 3200.20, '2022-04-25'),
  (5, 'Roberto Santos', 'Confeiteiro', 2900.25, '2022-05-30'),
  (6, 'Juliana Costa', 'Atendente', 2400.40, '2022-06-05'),
  (7, 'Lucas Lima', 'Gerente de Loja', 4000.60, '2022-07-10'),
  (8, 'Fernanda Almeida', 'Caixa', 2600.80, '2022-08-15'),
  (9, 'Ricardo Rocha', 'Açougueiro', 2800.30, '2022-09-20'),
  (10, 'Amanda Oliveira', 'Vendedor', 3100.75, '2022-10-25'),
  (11, 'Felipe Pereira', 'Padeiro', 3300.20, '2022-11-30'),
  (12, 'Mariana Santos', 'Confeiteira', 3000.90, '2022-12-05'),
  (13, 'Gustavo Costa', 'Atendente', 2500.50, '2023-01-10'),
  (14, 'Isabela Lima', 'Gerente de Loja', 4200.25, '2023-02-15'),
  (15, 'Eduardo Almeida', 'Caixa', 2700.70, '2023-03-20'),
  (16, 'Camila Oliveira', 'Açougueira', 2900.40, '2023-04-25'),
  (17, 'Daniel Rocha', 'Padeiro', 3100.60, '2023-05-30'),
  (18, 'Patrícia Silva', 'Vendedora', 3200.20, '2023-06-05'),
  (19, 'Luciano Santos', 'Atendente', 2400.80, '2023-07-10'),
  (20, 'Nathalia Lima', 'Gerente de Loja', 4000.30, '2023-08-15');
  
INSERT INTO produtos (id_produto, nome, valor, custo, lucro, remessa, qnd_estoque)
VALUES
  (1, 'Arroz', 5.99, 3.50, 2.49, '2023-01-10', 100),
  (2, 'Feijão', 4.50, 2.80, 1.70, '2023-02-15', 80),
  (3, 'Açúcar', 3.99, 2.20, 1.79, '2023-03-20', 120),
  (4, 'Café', 10.99, 7.50, 3.49, '2023-04-25', 50),
  (5, 'Leite', 2.50, 1.80, 0.70, '2023-05-30', 150),
  (6, 'Óleo de Soja', 6.99, 4.50, 2.49, '2023-06-05', 60),
  (7, 'Macarrão', 3.50, 2.00, 1.50, '2023-07-10', 90),
  (8, 'Sal', 1.99, 0.80, 1.19, '2023-08-15', 110),
  (9, 'Farinha de Trigo', 4.80, 3.00, 1.80, '2023-09-20', 70),
  (10, 'Molho de Tomate', 2.99, 1.50, 1.49, '2023-10-25', 100),
  (11, 'Biscoitos', 3.20, 1.80, 1.40, '2023-11-30', 120),
  (12, 'Cereal Matinal', 8.50, 5.50, 3.00, '2023-12-05', 40),
  (13, 'Sabonete', 2.00, 1.20, 0.80, '2024-01-10', 200),
  (14, 'Shampoo', 5.50, 3.80, 1.70, '2024-02-15', 80),
  (15, 'Condicionador', 4.80, 3.20, 1.60, '2024-03-20', 70),
  (16, 'Detergente', 1.99, 1.20, 0.79, '2024-04-25', 150),
  (17, 'Papel Higiênico', 3.50, 2.50, 1.00, '2024-05-30', 100),
  (18, 'Escova de Dentes', 2.80, 1.50, 1.30, '2024-06-05', 120),
  (19, 'Pasta de Dentes', 3.20, 2.00, 1.20, '2024-07-10', 90),
  (20, 'Desodorante', 6.50, 4.00, 2.50, '2024-08-15', 60);
  
INSERT INTO funcionarios_produtos (id_funcionarios, id_produto)
VALUES
  (1, 1),
  (2, 2),
  (3, 3),
  (4, 4),
  (5, 5),
  (6, 6),
  (7, 7),
  (8, 8),
  (9, 9),
  (10, 10),
  (11, 11),
  (12, 12),
  (13, 13),
  (14, 14),
  (15, 15),
  (16, 16),
  (17, 17),
  (18, 18),
  (19, 19),
  (20, 20);